{"schemaVersion":"1.0","appDefinitionTemplate":{"id":"/providers/Microsoft.PowerApps/apps/","type":"Microsoft.PowerApps/apps","tags":{"primaryDeviceWidth":"640","primaryDeviceHeight":"1136","supportsPortrait":"true","supportsLandscape":"true","primaryFormFactor":"Phone","showStatusBar":"false","publisherVersion":"3.25102.17","minimumRequiredApiVersion":"2.2.0","hasComponent":"false","hasUnlockedComponent":"false","isUnifiedRootApp":"false","sienaVersion":"20251105T140555Z-3.25102.17.0","coauthoringEnabled":"true","multipleWritersEnabled":"true","acceptedCoauthoringTerms":"true"},"properties":{"appVersion":"2025-11-05T14:05:55Z","lifeCycleId":"Published","createdByClientVersion":{"major":3,"minor":25102,"build":17,"revision":0,"majorRevision":0,"minorRevision":0},"minClientVersion":{"major":3,"minor":25102,"build":17,"revision":0,"majorRevision":0,"minorRevision":0},"backgroundColor":"RGBA(0,176,240,1)","backgroundImageUri":"/2008942717446605174/N7b04929a-ffd0-41fa-a112-906211b8188f-crc0f_mypowerwecookingnow_7fdf9_BackgroundImageUri","displayName":"MyPower (we cooking now)","description":"","commitMessage":"","appUris":{"documentUri":{"value":"/2008942717446605174/Nd377ea67-b5f9-446f-9bd5-23f05277be44-crc0f_mypowerwecookingnow_7fdf9_DocumentUri.msapp"},"imageUris":[],"additionalUris":[{"isSolutionAware":false,"value":"/2008942717446605174/N4c84d176-6043-4da9-875a-3635562446fc-identity.json"}]},"createdTime":"0001-01-01T00:00:00Z","lastModifiedTime":"0001-01-01T00:00:00Z","sharedGroupsCount":0,"sharedUsersCount":0,"connectionReferences":{"8148536a-aa78-40b9-819a-86a05413baaf":{"id":"c6b24bf2-f4f8-4a47-9a90-01cc3bc14c36","displayName":"Excel","iconUri":"https://conn-afd-prod-endpoint-bmc9bqahasf3grgk.b01.azurefd.net/releases/v1.0.1777/1.0.1777.4410/excel/icon.png","dataSources":["Table1"],"dependencies":["d23fbc41-6d0b-4c22-8830-5995d882fc11"],"dependents":[],"parameterHints":{"d23fbc41-6d0b-4c22-8830-5995d882fc11":{"value":"fileSource"}},"parameterHintsV2":{"fileSource":{"value":"d23fbc41-6d0b-4c22-8830-5995d882fc11"}},"isOnPremiseConnection":false,"bypassConsent":false,"dataSets":{"b!DPbCi09dSUakQ2PAkICblZXOt-zt6PZCosJhCeB4Ej_o-y6DumJmSpDUM-S08sFd.01NMDD437KPXI5IR3DIRF3MFFGWXO547NW":{"dataSources":{"Table1":{"tableName":"Table1"}}}},"apiTier":"Standard","isCustomApiConnection":false,"actions":["providers/PowerPlatform.Governance/Operations/Read","providers/PowerPlatform.Governance/Operations/Write"]},"d23fbc41-6d0b-4c22-8830-5995d882fc11":{"id":"d52d6358-ef96-4dd5-8724-f29c11b152ba","displayName":"OneDrive for Business","iconUri":"https://conn-afd-prod-endpoint-bmc9bqahasf3grgk.b01.azurefd.net/v1.0.1763/1.0.1763.4307/onedriveforbusiness/icon.png","dataSources":[],"dependencies":[],"dependents":["8148536a-aa78-40b9-819a-86a05413baaf"],"parameterHints":{},"parameterHintsV2":{},"isOnPremiseConnection":false,"bypassConsent":false,"dataSets":{},"apiTier":"Standard","isCustomApiConnection":false}},"authorizationReferences":[],"databaseReferences":{"default.cds":{"databaseDetails":{"referenceType":"Environmental","environmentName":"default.cds","overrideValues":{"status":"NotSpecified","environmentVariableName":""}},"dataSources":{"products":{"entitySetName":"crc0f_products","logicalName":"crc0f_product","isHidden":false},"FileAttachments":{"entitySetName":"fileattachments","logicalName":"fileattachment","isHidden":false},"Return Inspections":{"entitySetName":"crc0f_returninspections","logicalName":"crc0f_returninspection","isHidden":false},"Customers":{"entitySetName":"crc0f_customers","logicalName":"crc0f_customer","isHidden":false},"Return Requests":{"entitySetName":"crc0f_returnrequests","logicalName":"crc0f_returnrequest","isHidden":false},"Return Statuses":{"entitySetName":"crc0f_returnstatuses","logicalName":"crc0f_returnstatus","isHidden":false},"Return Methods":{"entitySetName":"crc0f_returnmethods","logicalName":"crc0f_returnmethod","isHidden":false},"Return Processing":{"entitySetName":"crc0f_returnprocessing1s","logicalName":"crc0f_returnprocessing1","isHidden":false},"Store Employees":{"entitySetName":"crc0f_storeemployees","logicalName":"crc0f_storeemployee","isHidden":false},"Table1S":{"entitySetName":"crc0f_table1s","logicalName":"crc0f_table1","isHidden":false},"RegisterProducts":{"entitySetName":"crc0f_registerproducts","logicalName":"crc0f_registerproduct","isHidden":false}}}},"almMode":"Solution","performanceOptimizationEnabled":true,"canConsumeAppPass":true,"enableModernRuntimeMode":false,"executionRestrictions":{"isTeamsOnly":false,"dataLossPreventionEvaluationResult":{"status":"Compliant","lastEvaluationDate":"2025-11-04T21:12:15.0669584Z","violations":[],"violationsByPolicy":[],"violationErrorMessage":"The app uses the following connectors: shared_excel, shared_onedriveforbusiness, shared_commondataservice."}}},"isAppComponentLibrary":false,"appType":"ClassicCanvasApp","appComponents":[]}}